principal_id,created_at,spend_profile,rhythm_profile,active_hour_start,active_hour_end
P0000,2023-11-15T00:00:00,low,biweekly,8,21
P0001,2023-10-29T00:00:00,high,irregular,8,21
P0002,2025-10-03T00:00:00,medium,irregular,9,20
P0003,2025-03-29T00:00:00,high,irregular,8,19
P0004,2025-04-09T00:00:00,low,irregular,9,18
P0005,2025-02-05T00:00:00,low,biweekly,10,18
P0006,2024-02-01T00:00:00,medium,irregular,8,19
P0007,2024-04-24T00:00:00,high,weekly,9,20
P0008,2025-10-26T00:00:00,high,irregular,6,16
P0009,2023-10-21T00:00:00,medium,weekly,6,18
P0010,2026-02-17T00:00:00,high,weekly,9,20
P0011,2025-09-27T00:00:00,low,biweekly,11,21
P0012,2024-06-04T00:00:00,high,biweekly,8,21
P0013,2025-04-02T00:00:00,high,irregular,6,17
P0014,2024-06-01T00:00:00,high,biweekly,8,20
P0015,2024-06-10T00:00:00,low,weekly,6,19
P0016,2025-05-14T00:00:00,low,irregular,11,19
P0017,2025-11-24T00:00:00,high,irregular,9,17
P0018,2025-09-15T00:00:00,high,biweekly,9,17
P0019,2025-04-06T00:00:00,low,biweekly,6,16
P0020,2024-12-18T00:00:00,low,weekly,8,20
P0021,2024-08-02T00:00:00,high,weekly,9,18
P0022,2025-12-14T00:00:00,high,biweekly,7,19
P0023,2025-07-01T00:00:00,medium,irregular,11,20
P0024,2024-11-17T00:00:00,high,biweekly,7,18
P0025,2024-04-21T00:00:00,low,biweekly,8,18
P0026,2024-08-22T00:00:00,low,weekly,11,22
P0027,2024-07-11T00:00:00,medium,irregular,8,19
P0028,2025-06-21T00:00:00,medium,biweekly,11,20
P0029,2024-10-26T00:00:00,low,weekly,9,20
P0030,2025-03-02T00:00:00,high,biweekly,10,23
P0031,2026-02-10T00:00:00,high,biweekly,8,18
P0032,2024-08-02T00:00:00,high,irregular,6,14
P0033,2024-01-31T00:00:00,medium,biweekly,10,19
P0034,2023-12-04T00:00:00,medium,weekly,10,23
P0035,2024-06-07T00:00:00,medium,irregular,7,20
P0036,2024-04-06T00:00:00,low,irregular,11,19
P0037,2024-05-12T00:00:00,low,biweekly,11,22
P0038,2024-07-19T00:00:00,medium,irregular,6,15
P0039,2025-05-06T00:00:00,medium,irregular,6,17
P0040,2025-08-11T00:00:00,low,irregular,7,17
P0041,2024-10-07T00:00:00,medium,weekly,10,20
P0042,2023-11-30T00:00:00,medium,irregular,9,19
P0043,2024-11-10T00:00:00,low,weekly,6,15
P0044,2024-02-22T00:00:00,high,biweekly,11,23
P0045,2025-12-02T00:00:00,medium,weekly,8,18
P0046,2025-10-29T00:00:00,medium,biweekly,10,23
P0047,2024-04-15T00:00:00,medium,irregular,11,22
P0048,2025-02-17T00:00:00,low,irregular,11,20
P0049,2026-02-07T00:00:00,high,irregular,9,19
P0050,2025-07-21T00:00:00,high,weekly,10,23
P0051,2024-03-17T00:00:00,medium,irregular,9,20
P0052,2025-10-12T00:00:00,low,weekly,6,16
P0053,2025-11-06T00:00:00,low,weekly,9,21
P0054,2025-01-31T00:00:00,medium,biweekly,7,20
P0055,2024-03-21T00:00:00,high,biweekly,11,23
P0056,2024-02-19T00:00:00,low,biweekly,11,23
P0057,2023-11-02T00:00:00,medium,irregular,6,17
P0058,2026-01-30T00:00:00,high,biweekly,8,17
P0059,2024-12-04T00:00:00,low,biweekly,9,17
P0060,2025-02-21T00:00:00,high,irregular,11,21
P0061,2025-01-21T00:00:00,medium,weekly,6,14
P0062,2025-12-01T00:00:00,high,weekly,9,22
P0063,2024-07-01T00:00:00,low,weekly,11,21
P0064,2025-10-27T00:00:00,high,weekly,7,15
P0065,2025-08-04T00:00:00,high,weekly,10,19
P0066,2024-01-02T00:00:00,low,irregular,8,16
P0067,2025-10-07T00:00:00,low,irregular,8,18
P0068,2025-11-12T00:00:00,high,weekly,7,16
P0069,2025-03-03T00:00:00,low,irregular,6,16
P0070,2025-09-07T00:00:00,medium,weekly,6,15
P0071,2024-12-28T00:00:00,high,weekly,11,23
P0072,2024-11-02T00:00:00,medium,biweekly,6,18
P0073,2025-11-13T00:00:00,medium,irregular,10,19
P0074,2026-01-19T00:00:00,high,irregular,10,22
P0075,2024-11-20T00:00:00,high,weekly,8,16
P0076,2023-10-19T00:00:00,medium,biweekly,9,22
P0077,2024-10-18T00:00:00,high,biweekly,6,14
P0078,2025-04-09T00:00:00,high,weekly,6,14
P0079,2025-05-27T00:00:00,high,irregular,7,19
P0080,2024-03-05T00:00:00,medium,biweekly,10,22
P0081,2025-05-07T00:00:00,medium,irregular,10,22
P0082,2025-11-23T00:00:00,high,weekly,9,22
P0083,2024-01-07T00:00:00,high,irregular,11,20
P0084,2024-11-27T00:00:00,low,biweekly,9,19
P0085,2025-01-20T00:00:00,medium,irregular,9,17
P0086,2024-12-22T00:00:00,medium,irregular,8,18
P0087,2025-09-29T00:00:00,high,biweekly,8,16
P0088,2023-11-04T00:00:00,low,weekly,6,17
P0089,2024-02-01T00:00:00,high,biweekly,6,15
P0090,2026-01-02T00:00:00,high,irregular,10,22
P0091,2024-04-17T00:00:00,low,biweekly,8,18
P0092,2024-01-26T00:00:00,medium,irregular,11,19
P0093,2024-06-28T00:00:00,medium,biweekly,8,16
P0094,2024-10-01T00:00:00,low,weekly,10,23
P0095,2025-07-18T00:00:00,low,biweekly,9,21
P0096,2025-11-07T00:00:00,medium,irregular,8,17
P0097,2023-10-21T00:00:00,high,irregular,9,21
P0098,2024-05-15T00:00:00,high,weekly,11,23
P0099,2023-11-06T00:00:00,high,biweekly,11,19
P0100,2025-05-29T00:00:00,high,biweekly,7,17
P0101,2026-02-26T00:00:00,low,weekly,8,20
P0102,2025-01-18T00:00:00,low,weekly,11,23
P0103,2026-02-01T00:00:00,low,irregular,11,23
P0104,2025-02-12T00:00:00,medium,biweekly,7,17
P0105,2025-02-19T00:00:00,medium,irregular,7,17
P0106,2024-07-02T00:00:00,low,weekly,10,19
P0107,2024-01-22T00:00:00,high,weekly,7,20
P0108,2025-05-30T00:00:00,medium,irregular,6,17
P0109,2024-06-21T00:00:00,medium,biweekly,9,19
P0110,2024-01-21T00:00:00,high,weekly,7,17
P0111,2025-11-11T00:00:00,medium,irregular,9,22
P0112,2024-10-22T00:00:00,high,irregular,10,20
P0113,2025-07-22T00:00:00,medium,irregular,6,14
P0114,2025-08-07T00:00:00,medium,weekly,6,15
P0115,2025-05-12T00:00:00,medium,weekly,8,16
P0116,2024-01-30T00:00:00,medium,weekly,9,18
P0117,2024-09-05T00:00:00,high,weekly,9,21
P0118,2023-11-02T00:00:00,high,biweekly,10,18
P0119,2024-02-04T00:00:00,low,biweekly,9,17
P0120,2025-12-15T00:00:00,medium,irregular,9,20
P0121,2025-01-14T00:00:00,high,irregular,10,21
P0122,2025-11-07T00:00:00,medium,weekly,8,18
P0123,2023-12-05T00:00:00,high,biweekly,7,20
P0124,2025-12-04T00:00:00,medium,weekly,8,17
P0125,2024-07-09T00:00:00,medium,irregular,9,17
P0126,2025-04-21T00:00:00,high,biweekly,9,18
P0127,2023-12-28T00:00:00,low,weekly,8,20
P0128,2025-11-08T00:00:00,high,irregular,11,20
P0129,2025-03-10T00:00:00,high,irregular,8,17
P0130,2025-11-19T00:00:00,low,biweekly,7,16
P0131,2024-06-26T00:00:00,low,irregular,7,15
P0132,2024-01-03T00:00:00,high,biweekly,7,18
P0133,2024-01-16T00:00:00,high,biweekly,10,23
P0134,2024-05-15T00:00:00,high,irregular,10,20
P0135,2025-04-15T00:00:00,low,biweekly,11,19
P0136,2024-12-07T00:00:00,high,biweekly,9,19
P0137,2026-01-06T00:00:00,medium,irregular,10,18
P0138,2024-11-17T00:00:00,medium,weekly,8,16
P0139,2023-11-04T00:00:00,medium,weekly,8,21
P0140,2024-06-13T00:00:00,high,irregular,6,17
P0141,2024-07-18T00:00:00,high,irregular,9,17
P0142,2023-11-26T00:00:00,high,irregular,9,18
P0143,2024-06-23T00:00:00,medium,irregular,8,17
P0144,2024-11-28T00:00:00,low,biweekly,6,19
P0145,2024-10-04T00:00:00,high,weekly,6,14
P0146,2024-03-10T00:00:00,medium,biweekly,7,19
P0147,2024-06-18T00:00:00,low,biweekly,10,20
P0148,2025-02-01T00:00:00,medium,biweekly,8,21
P0149,2026-01-10T00:00:00,high,irregular,10,20
P0150,2025-04-01T00:00:00,low,irregular,6,19
P0151,2025-05-18T00:00:00,medium,irregular,9,22
P0152,2025-10-02T00:00:00,medium,weekly,10,22
P0153,2025-10-11T00:00:00,medium,biweekly,11,23
P0154,2024-04-25T00:00:00,medium,weekly,11,23
P0155,2025-12-08T00:00:00,medium,irregular,11,22
P0156,2023-12-15T00:00:00,medium,weekly,11,23
P0157,2023-11-07T00:00:00,high,irregular,11,23
P0158,2024-05-12T00:00:00,high,biweekly,6,18
P0159,2026-02-14T00:00:00,medium,biweekly,8,17
P0160,2025-03-20T00:00:00,medium,weekly,7,16
P0161,2025-09-27T00:00:00,low,biweekly,7,15
P0162,2024-01-05T00:00:00,high,irregular,10,22
P0163,2024-04-26T00:00:00,medium,irregular,6,15
P0164,2025-02-12T00:00:00,low,weekly,10,19
P0165,2024-01-05T00:00:00,high,weekly,11,23
P0166,2026-01-19T00:00:00,medium,biweekly,9,22
P0167,2025-07-04T00:00:00,medium,irregular,11,21
P0168,2023-12-23T00:00:00,medium,weekly,11,23
P0169,2025-04-22T00:00:00,medium,weekly,7,17
P0170,2024-07-28T00:00:00,medium,biweekly,11,21
P0171,2024-10-06T00:00:00,high,biweekly,9,18
P0172,2023-12-05T00:00:00,high,weekly,7,17
P0173,2024-05-17T00:00:00,medium,biweekly,6,18
P0174,2024-03-06T00:00:00,high,weekly,6,16
P0175,2024-01-13T00:00:00,low,biweekly,6,17
P0176,2025-10-05T00:00:00,medium,weekly,10,19
P0177,2025-03-12T00:00:00,low,biweekly,9,17
P0178,2024-10-06T00:00:00,medium,weekly,9,20
P0179,2025-02-14T00:00:00,low,weekly,6,16
P0180,2023-10-27T00:00:00,high,irregular,6,16
P0181,2025-10-15T00:00:00,low,biweekly,7,18
P0182,2023-11-04T00:00:00,low,irregular,11,22
P0183,2024-06-12T00:00:00,low,weekly,9,17
P0184,2025-07-27T00:00:00,low,irregular,8,21
P0185,2024-09-10T00:00:00,medium,weekly,10,20
P0186,2025-04-30T00:00:00,low,weekly,7,16
P0187,2024-05-19T00:00:00,high,biweekly,9,17
P0188,2023-10-30T00:00:00,medium,irregular,6,18
P0189,2024-05-26T00:00:00,high,irregular,6,15
P0190,2025-10-08T00:00:00,medium,biweekly,11,19
P0191,2025-03-08T00:00:00,low,irregular,10,21
P0192,2024-04-23T00:00:00,high,weekly,7,19
P0193,2025-12-25T00:00:00,high,irregular,8,20
P0194,2024-08-14T00:00:00,low,biweekly,10,21
P0195,2024-05-23T00:00:00,medium,biweekly,6,16
P0196,2026-02-16T00:00:00,medium,weekly,11,21
P0197,2024-02-13T00:00:00,high,irregular,7,15
P0198,2024-02-11T00:00:00,medium,weekly,10,18
P0199,2024-08-22T00:00:00,medium,irregular,8,17
P0200,2024-11-14T00:00:00,high,biweekly,11,23
P0201,2023-11-25T00:00:00,low,weekly,7,20
P0202,2026-01-26T00:00:00,medium,weekly,9,17
P0203,2026-01-21T00:00:00,medium,biweekly,7,19
P0204,2023-11-21T00:00:00,high,biweekly,9,19
P0205,2024-01-23T00:00:00,high,weekly,6,16
P0206,2023-12-26T00:00:00,low,irregular,8,18
P0207,2025-10-28T00:00:00,medium,biweekly,8,19
P0208,2024-12-09T00:00:00,medium,biweekly,11,20
P0209,2024-03-26T00:00:00,medium,biweekly,9,21
P0210,2023-12-05T00:00:00,low,irregular,8,19
P0211,2024-12-19T00:00:00,high,weekly,6,18
P0212,2025-04-10T00:00:00,low,weekly,8,18
P0213,2025-05-06T00:00:00,medium,biweekly,11,23
P0214,2024-12-23T00:00:00,low,irregular,11,22
P0215,2024-12-02T00:00:00,low,irregular,8,18
P0216,2024-12-14T00:00:00,medium,irregular,10,18
P0217,2024-04-16T00:00:00,high,biweekly,6,16
P0218,2023-12-05T00:00:00,high,irregular,10,19
P0219,2025-10-09T00:00:00,high,irregular,6,17
P0220,2025-10-26T00:00:00,low,weekly,6,19
P0221,2025-02-27T00:00:00,medium,irregular,8,16
P0222,2025-09-28T00:00:00,high,biweekly,10,20
P0223,2024-12-05T00:00:00,low,irregular,8,17
P0224,2025-02-22T00:00:00,medium,biweekly,10,23
P0225,2025-06-22T00:00:00,low,weekly,8,21
P0226,2024-10-09T00:00:00,high,biweekly,7,19
P0227,2025-06-09T00:00:00,medium,irregular,6,17
P0228,2024-06-16T00:00:00,medium,irregular,7,18
P0229,2025-10-30T00:00:00,low,weekly,7,18
P0230,2024-03-04T00:00:00,medium,weekly,7,20
P0231,2024-04-20T00:00:00,medium,irregular,8,16
P0232,2024-08-26T00:00:00,medium,biweekly,10,19
P0233,2024-03-08T00:00:00,high,irregular,11,20
P0234,2024-09-30T00:00:00,low,weekly,8,17
P0235,2025-07-05T00:00:00,medium,weekly,7,17
P0236,2024-07-26T00:00:00,medium,biweekly,10,22
P0237,2024-06-16T00:00:00,low,weekly,7,17
P0238,2024-02-29T00:00:00,high,biweekly,9,21
P0239,2024-01-07T00:00:00,medium,irregular,9,17
P0240,2025-04-14T00:00:00,high,weekly,7,18
P0241,2024-04-07T00:00:00,high,biweekly,9,18
P0242,2024-05-18T00:00:00,high,weekly,10,19
P0243,2024-10-06T00:00:00,low,weekly,9,21
P0244,2025-04-27T00:00:00,low,weekly,7,17
P0245,2025-07-17T00:00:00,medium,irregular,11,21
P0246,2025-06-21T00:00:00,low,irregular,6,18
P0247,2025-10-27T00:00:00,high,biweekly,8,20
P0248,2025-11-29T00:00:00,high,irregular,10,19
P0249,2024-07-18T00:00:00,low,weekly,10,23
P0250,2024-02-26T00:00:00,high,biweekly,10,22
P0251,2023-11-10T00:00:00,low,weekly,6,14
P0252,2024-01-05T00:00:00,high,biweekly,11,23
P0253,2024-01-09T00:00:00,high,biweekly,7,19
P0254,2026-02-01T00:00:00,medium,irregular,11,23
P0255,2024-05-16T00:00:00,medium,biweekly,8,17
P0256,2025-01-13T00:00:00,medium,biweekly,11,19
P0257,2026-01-02T00:00:00,low,biweekly,11,22
P0258,2024-11-14T00:00:00,low,biweekly,9,21
P0259,2025-04-18T00:00:00,high,biweekly,7,20
P0260,2025-01-20T00:00:00,low,biweekly,8,20
P0261,2025-11-16T00:00:00,medium,weekly,10,21
P0262,2025-06-04T00:00:00,medium,weekly,6,15
P0263,2026-01-12T00:00:00,medium,biweekly,6,18
P0264,2025-06-23T00:00:00,low,biweekly,9,21
P0265,2025-04-18T00:00:00,low,weekly,11,22
P0266,2024-11-11T00:00:00,medium,biweekly,10,21
P0267,2025-12-02T00:00:00,medium,irregular,6,17
P0268,2025-07-27T00:00:00,high,biweekly,7,15
P0269,2025-05-20T00:00:00,medium,irregular,6,19
P0270,2024-11-08T00:00:00,medium,irregular,11,19
P0271,2024-12-18T00:00:00,low,biweekly,6,19
P0272,2024-01-12T00:00:00,medium,biweekly,8,16
P0273,2026-01-11T00:00:00,high,irregular,9,18
P0274,2024-08-15T00:00:00,medium,weekly,8,19
P0275,2024-11-28T00:00:00,high,biweekly,10,22
P0276,2024-06-17T00:00:00,low,weekly,11,19
P0277,2025-02-15T00:00:00,medium,irregular,9,19
P0278,2025-08-13T00:00:00,high,irregular,7,18
P0279,2026-01-22T00:00:00,low,weekly,10,19
P0280,2025-03-28T00:00:00,medium,irregular,11,22
P0281,2024-06-22T00:00:00,high,weekly,7,17
P0282,2025-04-12T00:00:00,low,biweekly,10,22
P0283,2023-10-24T00:00:00,medium,irregular,11,21
P0284,2023-11-07T00:00:00,high,irregular,10,21
P0285,2024-08-05T00:00:00,medium,biweekly,11,19
P0286,2025-03-30T00:00:00,high,weekly,8,19
P0287,2025-04-23T00:00:00,high,irregular,10,23
P0288,2024-07-01T00:00:00,medium,biweekly,6,19
P0289,2024-07-21T00:00:00,low,irregular,10,18
P0290,2024-10-29T00:00:00,low,irregular,10,23
P0291,2024-06-08T00:00:00,medium,weekly,11,23
P0292,2026-01-31T00:00:00,high,irregular,7,15
P0293,2026-02-13T00:00:00,medium,biweekly,7,18
P0294,2025-01-06T00:00:00,high,weekly,7,18
P0295,2024-01-01T00:00:00,high,biweekly,10,23
P0296,2025-12-31T00:00:00,high,weekly,11,23
P0297,2024-08-07T00:00:00,medium,irregular,7,18
P0298,2025-02-12T00:00:00,medium,weekly,10,21
P0299,2025-03-19T00:00:00,high,biweekly,10,23
P0300,2024-04-06T00:00:00,high,irregular,11,21
P0301,2024-10-25T00:00:00,low,weekly,10,20
P0302,2025-05-03T00:00:00,low,biweekly,10,20
P0303,2025-08-04T00:00:00,high,irregular,11,22
P0304,2024-10-29T00:00:00,medium,irregular,8,21
P0305,2025-05-14T00:00:00,low,irregular,8,21
P0306,2025-02-09T00:00:00,medium,biweekly,10,19
P0307,2026-01-20T00:00:00,medium,irregular,8,16
P0308,2024-12-07T00:00:00,high,biweekly,8,21
P0309,2025-07-28T00:00:00,low,irregular,9,19
P0310,2024-03-22T00:00:00,medium,weekly,10,18
P0311,2024-02-05T00:00:00,high,weekly,10,19
P0312,2024-04-18T00:00:00,high,weekly,6,19
P0313,2026-01-10T00:00:00,low,biweekly,7,17
P0314,2024-11-06T00:00:00,low,irregular,11,20
P0315,2024-08-18T00:00:00,low,biweekly,6,19
P0316,2024-11-01T00:00:00,high,weekly,9,19
P0317,2025-05-16T00:00:00,high,weekly,8,16
P0318,2024-07-25T00:00:00,low,irregular,11,23
P0319,2023-10-16T00:00:00,low,weekly,11,22
P0320,2026-01-26T00:00:00,medium,biweekly,7,16
P0321,2025-05-12T00:00:00,low,weekly,11,21
P0322,2024-06-25T00:00:00,low,biweekly,10,20
P0323,2024-05-17T00:00:00,high,irregular,9,20
P0324,2024-10-04T00:00:00,medium,biweekly,7,16
P0325,2025-03-31T00:00:00,low,irregular,6,17
P0326,2025-06-14T00:00:00,high,weekly,11,19
P0327,2025-03-24T00:00:00,medium,irregular,11,23
P0328,2025-09-06T00:00:00,high,irregular,7,18
P0329,2024-09-23T00:00:00,medium,weekly,9,20
P0330,2025-11-27T00:00:00,low,weekly,11,22
P0331,2025-06-23T00:00:00,low,biweekly,8,19
P0332,2024-12-02T00:00:00,medium,biweekly,7,17
P0333,2024-02-23T00:00:00,high,weekly,10,20
P0334,2025-03-01T00:00:00,high,weekly,11,19
P0335,2025-11-03T00:00:00,medium,biweekly,11,20
P0336,2024-04-01T00:00:00,high,irregular,9,19
P0337,2025-11-04T00:00:00,high,biweekly,11,21
P0338,2025-07-21T00:00:00,low,weekly,10,21
P0339,2024-11-24T00:00:00,high,irregular,7,17
P0340,2024-03-16T00:00:00,high,biweekly,9,21
P0341,2023-11-10T00:00:00,low,weekly,11,23
P0342,2023-12-19T00:00:00,low,irregular,10,21
P0343,2024-03-14T00:00:00,medium,weekly,10,22
P0344,2025-12-31T00:00:00,high,irregular,6,15
P0345,2024-09-01T00:00:00,low,weekly,10,20
P0346,2024-12-07T00:00:00,low,irregular,10,19
P0347,2024-07-15T00:00:00,medium,weekly,11,23
P0348,2023-11-27T00:00:00,low,biweekly,9,18
P0349,2025-01-03T00:00:00,medium,irregular,10,18
P0350,2024-11-16T00:00:00,high,biweekly,10,23
P0351,2025-01-23T00:00:00,medium,weekly,6,19
P0352,2024-07-20T00:00:00,low,weekly,7,18
P0353,2024-03-17T00:00:00,low,irregular,8,16
P0354,2024-11-06T00:00:00,low,biweekly,6,17
P0355,2024-01-07T00:00:00,low,irregular,7,20
P0356,2024-12-29T00:00:00,medium,biweekly,11,22
P0357,2025-02-13T00:00:00,low,irregular,9,22
P0358,2025-10-19T00:00:00,high,biweekly,10,18
P0359,2024-08-31T00:00:00,medium,irregular,7,16
P0360,2025-07-19T00:00:00,low,weekly,11,21
P0361,2024-04-14T00:00:00,high,irregular,9,20
P0362,2025-02-09T00:00:00,low,weekly,10,21
P0363,2025-09-27T00:00:00,medium,weekly,8,21
P0364,2026-01-31T00:00:00,high,biweekly,6,18
P0365,2025-07-01T00:00:00,low,weekly,6,14
P0366,2026-01-29T00:00:00,medium,irregular,10,23
P0367,2026-01-14T00:00:00,low,irregular,11,19
P0368,2024-12-10T00:00:00,low,irregular,9,18
P0369,2025-10-12T00:00:00,high,biweekly,6,15
P0370,2024-07-23T00:00:00,medium,irregular,11,23
P0371,2023-11-17T00:00:00,medium,weekly,11,21
P0372,2024-04-27T00:00:00,high,weekly,7,18
P0373,2025-05-27T00:00:00,low,irregular,8,20
P0374,2025-09-06T00:00:00,high,irregular,11,22
P0375,2024-10-13T00:00:00,low,biweekly,10,23
P0376,2025-02-07T00:00:00,high,biweekly,11,23
P0377,2025-01-10T00:00:00,low,biweekly,9,20
P0378,2024-01-22T00:00:00,high,biweekly,7,16
P0379,2025-05-01T00:00:00,high,weekly,7,18
P0380,2024-08-06T00:00:00,medium,biweekly,6,18
P0381,2025-10-18T00:00:00,medium,weekly,10,20
P0382,2025-03-31T00:00:00,high,weekly,7,18
P0383,2025-11-30T00:00:00,high,irregular,8,17
P0384,2025-06-03T00:00:00,medium,irregular,6,18
P0385,2026-01-23T00:00:00,low,weekly,10,22
P0386,2024-04-16T00:00:00,high,weekly,11,22
P0387,2025-03-29T00:00:00,medium,weekly,7,16
P0388,2024-02-04T00:00:00,low,irregular,7,18
P0389,2024-03-22T00:00:00,high,irregular,7,16
P0390,2025-07-02T00:00:00,high,biweekly,9,19
P0391,2024-11-12T00:00:00,high,irregular,9,19
P0392,2025-06-10T00:00:00,medium,irregular,8,19
P0393,2025-11-24T00:00:00,high,biweekly,9,19
P0394,2025-02-18T00:00:00,medium,biweekly,7,15
P0395,2025-07-21T00:00:00,high,weekly,10,18
P0396,2024-08-15T00:00:00,high,irregular,8,21
P0397,2025-05-06T00:00:00,low,weekly,9,19
P0398,2025-02-09T00:00:00,high,weekly,7,18
P0399,2024-05-03T00:00:00,high,biweekly,10,20
P0400,2024-02-23T00:00:00,high,irregular,9,20
P0401,2025-09-13T00:00:00,high,biweekly,9,18
P0402,2024-02-26T00:00:00,high,biweekly,7,16
P0403,2024-05-16T00:00:00,low,irregular,10,18
P0404,2023-11-18T00:00:00,high,weekly,6,14
P0405,2025-10-15T00:00:00,high,weekly,9,17
P0406,2025-10-01T00:00:00,low,weekly,11,23
P0407,2025-02-15T00:00:00,low,irregular,9,22
P0408,2024-06-11T00:00:00,medium,irregular,11,22
P0409,2026-02-26T00:00:00,high,irregular,6,17
P0410,2026-02-15T00:00:00,high,irregular,6,16
P0411,2025-05-15T00:00:00,low,irregular,10,23
P0412,2024-12-19T00:00:00,low,weekly,11,19
P0413,2025-10-03T00:00:00,low,weekly,10,22
P0414,2025-06-19T00:00:00,medium,biweekly,10,21
P0415,2025-02-15T00:00:00,medium,biweekly,6,18
P0416,2024-03-21T00:00:00,low,biweekly,7,20
P0417,2024-05-04T00:00:00,high,weekly,6,14
P0418,2025-02-09T00:00:00,medium,irregular,9,20
P0419,2024-05-21T00:00:00,low,irregular,6,15
P0420,2024-10-09T00:00:00,medium,irregular,6,16
P0421,2025-11-27T00:00:00,high,weekly,10,19
P0422,2024-03-26T00:00:00,high,biweekly,7,17
P0423,2025-12-18T00:00:00,high,biweekly,6,18
P0424,2024-04-30T00:00:00,low,weekly,10,20
P0425,2025-08-04T00:00:00,high,weekly,6,19
P0426,2025-12-16T00:00:00,medium,weekly,9,21
P0427,2024-08-01T00:00:00,medium,irregular,7,19
P0428,2025-02-04T00:00:00,high,weekly,8,21
P0429,2025-12-14T00:00:00,high,irregular,11,21
P0430,2025-11-24T00:00:00,medium,weekly,6,14
P0431,2024-06-23T00:00:00,high,irregular,8,19
P0432,2026-02-02T00:00:00,high,biweekly,8,19
P0433,2025-07-14T00:00:00,medium,irregular,9,20
P0434,2025-08-26T00:00:00,high,irregular,9,22
P0435,2025-12-07T00:00:00,high,biweekly,9,18
P0436,2025-12-19T00:00:00,low,biweekly,11,20
P0437,2024-03-06T00:00:00,high,weekly,9,22
P0438,2025-04-14T00:00:00,medium,weekly,9,17
P0439,2025-04-23T00:00:00,medium,biweekly,6,16
P0440,2025-10-20T00:00:00,low,weekly,6,17
P0441,2024-08-11T00:00:00,high,irregular,9,20
P0442,2026-02-06T00:00:00,low,biweekly,6,18
P0443,2024-07-01T00:00:00,high,biweekly,6,17
P0444,2025-05-10T00:00:00,medium,biweekly,6,14
P0445,2024-08-09T00:00:00,low,irregular,11,23
P0446,2024-04-02T00:00:00,medium,weekly,7,16
P0447,2025-04-30T00:00:00,medium,biweekly,8,17
P0448,2025-09-14T00:00:00,medium,biweekly,6,17
P0449,2024-10-25T00:00:00,low,biweekly,8,18
P0450,2024-02-25T00:00:00,high,biweekly,7,19
P0451,2025-08-16T00:00:00,medium,weekly,10,19
P0452,2026-02-26T00:00:00,medium,biweekly,8,20
P0453,2023-12-02T00:00:00,medium,biweekly,9,19
P0454,2023-11-20T00:00:00,high,irregular,9,18
P0455,2025-04-10T00:00:00,high,irregular,8,17
P0456,2025-04-17T00:00:00,low,biweekly,9,19
P0457,2024-02-11T00:00:00,high,irregular,8,19
P0458,2023-12-25T00:00:00,low,biweekly,10,21
P0459,2023-11-19T00:00:00,medium,biweekly,8,16
P0460,2025-08-12T00:00:00,high,irregular,10,19
P0461,2024-01-08T00:00:00,high,weekly,11,23
P0462,2024-03-09T00:00:00,low,biweekly,9,19
P0463,2025-12-24T00:00:00,medium,irregular,11,22
P0464,2024-05-25T00:00:00,medium,weekly,7,17
P0465,2025-09-28T00:00:00,high,biweekly,11,22
P0466,2024-11-30T00:00:00,high,biweekly,6,18
P0467,2024-09-03T00:00:00,high,irregular,9,20
P0468,2026-01-26T00:00:00,medium,irregular,10,22
P0469,2024-05-20T00:00:00,low,weekly,10,19
P0470,2024-04-23T00:00:00,medium,weekly,11,23
P0471,2026-01-18T00:00:00,high,irregular,10,23
P0472,2025-01-19T00:00:00,medium,biweekly,11,19
P0473,2025-11-24T00:00:00,medium,weekly,6,18
P0474,2024-09-19T00:00:00,high,irregular,11,23
P0475,2025-07-21T00:00:00,medium,biweekly,10,21
P0476,2024-01-04T00:00:00,high,irregular,9,22
P0477,2025-10-01T00:00:00,medium,weekly,10,21
P0478,2025-05-06T00:00:00,medium,weekly,6,14
P0479,2025-10-10T00:00:00,medium,biweekly,11,21
P0480,2023-12-22T00:00:00,low,irregular,9,20
P0481,2024-11-02T00:00:00,low,biweekly,8,21
P0482,2024-11-26T00:00:00,medium,weekly,11,21
P0483,2023-11-26T00:00:00,high,weekly,6,14
P0484,2024-05-10T00:00:00,low,irregular,8,17
P0485,2025-06-28T00:00:00,high,weekly,11,23
P0486,2025-03-31T00:00:00,high,biweekly,7,18
P0487,2023-12-09T00:00:00,medium,irregular,7,16
P0488,2024-05-18T00:00:00,high,biweekly,7,18
P0489,2024-02-08T00:00:00,high,weekly,6,17
P0490,2024-12-20T00:00:00,medium,weekly,10,23
P0491,2025-08-06T00:00:00,medium,irregular,7,15
P0492,2025-11-20T00:00:00,high,weekly,10,20
P0493,2025-08-15T00:00:00,medium,weekly,8,18
P0494,2024-10-19T00:00:00,high,irregular,11,21
P0495,2025-01-31T00:00:00,high,biweekly,10,22
P0496,2025-03-13T00:00:00,medium,biweekly,6,18
P0497,2023-11-22T00:00:00,high,irregular,7,17
P0498,2024-07-08T00:00:00,low,irregular,10,19
P0499,2025-11-04T00:00:00,low,biweekly,8,16
P0500,2025-02-15T00:00:00,high,weekly,7,19
P0501,2024-12-31T00:00:00,high,weekly,9,21
P0502,2024-12-26T00:00:00,low,biweekly,9,22
P0503,2024-03-24T00:00:00,high,weekly,10,22
P0504,2024-10-19T00:00:00,medium,weekly,7,16
P0505,2023-10-24T00:00:00,medium,irregular,8,16
P0506,2026-02-23T00:00:00,medium,weekly,8,17
P0507,2024-08-06T00:00:00,high,irregular,9,20
P0508,2024-04-02T00:00:00,medium,biweekly,9,22
P0509,2024-10-20T00:00:00,low,weekly,9,21
P0510,2023-12-11T00:00:00,low,biweekly,6,14
P0511,2025-07-17T00:00:00,high,biweekly,8,17
P0512,2024-08-02T00:00:00,high,biweekly,9,21
P0513,2025-11-09T00:00:00,high,weekly,10,20
P0514,2023-11-12T00:00:00,medium,irregular,10,18
P0515,2024-12-08T00:00:00,high,weekly,11,22
P0516,2024-02-10T00:00:00,high,weekly,6,16
P0517,2024-11-29T00:00:00,medium,biweekly,6,14
P0518,2025-11-04T00:00:00,low,weekly,9,22
P0519,2024-03-29T00:00:00,medium,irregular,10,22
P0520,2024-12-21T00:00:00,low,irregular,11,20
P0521,2023-11-22T00:00:00,low,weekly,7,19
P0522,2024-09-05T00:00:00,medium,irregular,8,20
P0523,2025-04-07T00:00:00,high,biweekly,7,17
P0524,2025-06-04T00:00:00,high,irregular,10,18
P0525,2024-01-26T00:00:00,medium,weekly,7,17
P0526,2025-10-26T00:00:00,high,weekly,11,20
P0527,2024-03-06T00:00:00,medium,weekly,7,20
P0528,2024-10-19T00:00:00,low,irregular,9,22
P0529,2024-05-31T00:00:00,medium,biweekly,8,19
P0530,2024-05-25T00:00:00,low,biweekly,6,18
P0531,2025-05-24T00:00:00,high,biweekly,11,22
P0532,2025-04-03T00:00:00,high,weekly,9,22
P0533,2024-02-15T00:00:00,medium,irregular,6,19
P0534,2025-03-03T00:00:00,low,irregular,11,22
P0535,2024-12-20T00:00:00,low,biweekly,7,17
P0536,2023-11-07T00:00:00,medium,biweekly,8,20
P0537,2025-10-22T00:00:00,high,biweekly,10,20
P0538,2024-01-14T00:00:00,low,weekly,11,19
P0539,2023-12-23T00:00:00,medium,weekly,11,19
P0540,2024-12-08T00:00:00,medium,weekly,7,18
P0541,2024-03-29T00:00:00,low,irregular,7,17
P0542,2025-05-28T00:00:00,low,irregular,7,17
P0543,2025-12-10T00:00:00,medium,irregular,8,21
P0544,2026-01-10T00:00:00,medium,irregular,7,17
P0545,2024-03-18T00:00:00,low,biweekly,11,23
P0546,2024-03-14T00:00:00,low,weekly,6,15
P0547,2025-12-15T00:00:00,low,irregular,9,18
P0548,2024-04-07T00:00:00,medium,weekly,10,18
P0549,2025-03-18T00:00:00,low,biweekly,11,23
P0550,2024-10-31T00:00:00,low,weekly,7,18
P0551,2024-02-15T00:00:00,low,weekly,6,16
P0552,2025-05-02T00:00:00,low,biweekly,8,17
P0553,2024-04-10T00:00:00,low,weekly,11,23
P0554,2026-02-24T00:00:00,high,irregular,10,19
P0555,2025-03-10T00:00:00,high,weekly,9,22
P0556,2025-09-30T00:00:00,medium,irregular,11,23
P0557,2025-07-25T00:00:00,low,weekly,9,18
P0558,2024-07-09T00:00:00,high,biweekly,6,16
P0559,2025-04-16T00:00:00,low,weekly,9,19
P0560,2025-12-08T00:00:00,low,irregular,11,23
P0561,2024-02-25T00:00:00,high,biweekly,10,23
P0562,2023-10-18T00:00:00,high,biweekly,6,15
P0563,2024-06-21T00:00:00,high,weekly,10,23
P0564,2025-05-06T00:00:00,high,weekly,9,18
P0565,2025-02-02T00:00:00,low,weekly,9,20
P0566,2024-07-04T00:00:00,low,irregular,11,19
P0567,2025-04-14T00:00:00,low,biweekly,8,20
P0568,2025-02-23T00:00:00,high,irregular,9,18
P0569,2024-01-06T00:00:00,low,weekly,9,21
P0570,2026-02-18T00:00:00,medium,weekly,6,14
P0571,2023-12-17T00:00:00,medium,irregular,6,16
P0572,2024-03-05T00:00:00,high,biweekly,11,22
P0573,2025-01-17T00:00:00,low,irregular,11,23
P0574,2024-06-12T00:00:00,low,biweekly,10,18
P0575,2025-12-14T00:00:00,high,weekly,8,17
P0576,2025-04-04T00:00:00,medium,irregular,10,23
P0577,2024-04-06T00:00:00,high,weekly,11,21
P0578,2024-12-12T00:00:00,high,weekly,11,19
P0579,2025-12-06T00:00:00,medium,weekly,7,18
P0580,2024-06-19T00:00:00,low,biweekly,10,23
P0581,2024-04-30T00:00:00,high,weekly,11,19
P0582,2024-03-10T00:00:00,low,irregular,6,14
P0583,2024-10-12T00:00:00,medium,irregular,7,19
P0584,2025-06-12T00:00:00,low,biweekly,11,20
P0585,2023-12-26T00:00:00,medium,irregular,11,19
P0586,2025-03-26T00:00:00,medium,biweekly,6,18
P0587,2025-06-08T00:00:00,high,irregular,6,19
P0588,2024-10-12T00:00:00,medium,irregular,6,16
P0589,2024-10-09T00:00:00,high,weekly,6,16
P0590,2025-06-16T00:00:00,low,irregular,7,20
P0591,2025-11-06T00:00:00,low,irregular,11,23
P0592,2026-01-18T00:00:00,low,weekly,6,14
P0593,2025-02-25T00:00:00,medium,weekly,9,18
P0594,2024-08-15T00:00:00,high,irregular,6,19
P0595,2025-07-18T00:00:00,medium,weekly,9,20
P0596,2025-04-11T00:00:00,medium,weekly,11,23
P0597,2025-11-02T00:00:00,high,irregular,8,16
P0598,2025-07-19T00:00:00,high,weekly,7,18
P0599,2024-11-13T00:00:00,medium,biweekly,6,16
P0600,2024-08-15T00:00:00,medium,weekly,6,16
P0601,2025-05-10T00:00:00,high,biweekly,7,20
P0602,2025-06-29T00:00:00,medium,biweekly,10,22
P0603,2024-01-03T00:00:00,low,irregular,9,21
P0604,2025-10-01T00:00:00,low,biweekly,7,15
P0605,2024-08-27T00:00:00,medium,irregular,7,20
P0606,2025-03-26T00:00:00,low,irregular,6,17
P0607,2024-02-19T00:00:00,medium,weekly,11,20
P0608,2025-07-04T00:00:00,medium,biweekly,10,18
P0609,2024-03-06T00:00:00,medium,weekly,7,15
P0610,2023-10-21T00:00:00,high,biweekly,7,20
P0611,2024-11-20T00:00:00,high,weekly,8,20
P0612,2024-10-03T00:00:00,low,irregular,6,17
P0613,2024-07-06T00:00:00,high,weekly,6,17
P0614,2025-10-22T00:00:00,low,biweekly,11,21
P0615,2023-12-05T00:00:00,medium,irregular,8,21
P0616,2025-04-13T00:00:00,medium,biweekly,8,17
P0617,2025-08-09T00:00:00,low,irregular,6,14
P0618,2025-11-16T00:00:00,low,biweekly,7,18
P0619,2025-01-12T00:00:00,low,irregular,8,18
P0620,2024-11-27T00:00:00,medium,biweekly,7,17
P0621,2025-12-02T00:00:00,low,irregular,6,16
P0622,2024-03-21T00:00:00,high,weekly,11,20
P0623,2025-10-04T00:00:00,low,irregular,8,17
P0624,2025-01-23T00:00:00,high,weekly,8,21
P0625,2025-06-11T00:00:00,low,weekly,8,19
P0626,2024-08-12T00:00:00,high,irregular,9,18
P0627,2024-11-16T00:00:00,low,weekly,6,14
P0628,2025-12-31T00:00:00,low,weekly,6,15
P0629,2025-02-16T00:00:00,high,irregular,9,22
P0630,2024-07-16T00:00:00,high,biweekly,6,14
P0631,2025-12-28T00:00:00,low,irregular,6,17
P0632,2025-11-30T00:00:00,medium,weekly,7,15
P0633,2026-01-12T00:00:00,low,irregular,9,20
P0634,2025-01-24T00:00:00,medium,weekly,11,22
P0635,2024-12-23T00:00:00,low,biweekly,11,20
P0636,2025-05-27T00:00:00,medium,biweekly,7,16
P0637,2024-06-14T00:00:00,high,irregular,6,15
P0638,2025-05-06T00:00:00,medium,biweekly,11,23
P0639,2026-01-01T00:00:00,low,biweekly,9,20
P0640,2024-12-30T00:00:00,low,irregular,7,19
P0641,2024-05-28T00:00:00,high,weekly,7,18
P0642,2025-03-02T00:00:00,medium,irregular,11,22
P0643,2024-08-02T00:00:00,high,biweekly,8,19
P0644,2025-09-01T00:00:00,low,biweekly,8,20
P0645,2026-02-02T00:00:00,medium,weekly,7,18
P0646,2025-03-03T00:00:00,high,weekly,10,19
P0647,2025-06-24T00:00:00,high,weekly,6,16
P0648,2023-11-20T00:00:00,high,weekly,10,19
P0649,2023-10-20T00:00:00,medium,biweekly,10,19
P0650,2025-07-05T00:00:00,high,biweekly,7,20
P0651,2025-03-02T00:00:00,high,weekly,11,23
P0652,2025-03-09T00:00:00,high,irregular,11,20
P0653,2025-08-24T00:00:00,medium,irregular,10,20
P0654,2024-10-18T00:00:00,low,weekly,7,15
P0655,2024-06-26T00:00:00,low,weekly,7,19
P0656,2026-03-04T00:00:00,medium,irregular,9,18
P0657,2025-03-21T00:00:00,high,weekly,7,17
P0658,2026-02-10T00:00:00,low,irregular,6,19
P0659,2024-01-02T00:00:00,low,irregular,7,17
P0660,2025-02-15T00:00:00,high,irregular,6,17
P0661,2025-11-21T00:00:00,medium,biweekly,10,20
P0662,2025-09-24T00:00:00,high,biweekly,7,20
P0663,2024-05-09T00:00:00,medium,weekly,9,22
P0664,2024-03-24T00:00:00,high,biweekly,10,19
P0665,2024-07-09T00:00:00,low,biweekly,11,21
P0666,2024-03-29T00:00:00,medium,weekly,11,20
P0667,2026-03-03T00:00:00,high,irregular,11,22
P0668,2026-01-30T00:00:00,low,irregular,10,20
P0669,2025-07-21T00:00:00,high,irregular,10,18
P0670,2025-10-11T00:00:00,medium,irregular,9,17
P0671,2025-03-14T00:00:00,medium,weekly,7,20
P0672,2023-11-14T00:00:00,high,irregular,6,19
P0673,2025-03-26T00:00:00,medium,weekly,11,21
P0674,2025-06-22T00:00:00,high,weekly,7,17
P0675,2023-12-20T00:00:00,low,irregular,8,16
P0676,2025-02-02T00:00:00,medium,irregular,6,17
P0677,2025-01-05T00:00:00,medium,biweekly,7,17
P0678,2025-02-13T00:00:00,low,biweekly,10,22
P0679,2024-01-18T00:00:00,high,weekly,11,20
P0680,2025-12-19T00:00:00,low,biweekly,9,17
P0681,2025-06-10T00:00:00,low,weekly,8,18
P0682,2025-02-13T00:00:00,low,irregular,7,15
P0683,2025-11-29T00:00:00,medium,irregular,10,22
P0684,2024-03-13T00:00:00,low,biweekly,9,22
P0685,2024-06-21T00:00:00,medium,weekly,7,15
P0686,2025-03-30T00:00:00,low,weekly,6,17
P0687,2024-08-14T00:00:00,high,irregular,11,23
P0688,2024-04-27T00:00:00,medium,biweekly,8,17
P0689,2026-01-13T00:00:00,medium,irregular,6,18
P0690,2025-09-28T00:00:00,low,biweekly,9,17
P0691,2025-12-05T00:00:00,medium,irregular,9,22
P0692,2024-10-29T00:00:00,low,weekly,10,18
P0693,2025-09-11T00:00:00,high,biweekly,7,15
P0694,2023-10-22T00:00:00,low,biweekly,9,20
P0695,2024-10-20T00:00:00,high,biweekly,9,17
P0696,2024-08-24T00:00:00,medium,weekly,11,21
P0697,2025-02-19T00:00:00,low,biweekly,9,17
P0698,2024-12-09T00:00:00,medium,biweekly,8,17
P0699,2024-08-04T00:00:00,low,weekly,8,21
P0700,2025-11-25T00:00:00,low,irregular,11,21
P0701,2025-01-05T00:00:00,high,weekly,10,22
P0702,2023-10-26T00:00:00,medium,irregular,6,17
P0703,2024-03-31T00:00:00,medium,irregular,10,19
P0704,2025-05-02T00:00:00,low,biweekly,9,22
P0705,2024-10-06T00:00:00,high,irregular,6,18
P0706,2024-06-07T00:00:00,low,weekly,11,22
P0707,2025-09-14T00:00:00,low,weekly,7,16
P0708,2024-12-26T00:00:00,low,irregular,6,17
P0709,2023-11-13T00:00:00,high,weekly,7,19
P0710,2025-04-11T00:00:00,high,weekly,8,16
P0711,2024-08-12T00:00:00,medium,irregular,9,19
P0712,2024-09-18T00:00:00,medium,weekly,8,21
P0713,2024-07-11T00:00:00,high,biweekly,10,18
P0714,2025-10-02T00:00:00,low,irregular,9,21
P0715,2024-01-18T00:00:00,low,weekly,10,22
P0716,2023-12-21T00:00:00,medium,irregular,6,16
P0717,2025-06-07T00:00:00,medium,irregular,9,20
P0718,2024-06-19T00:00:00,medium,weekly,10,19
P0719,2025-01-16T00:00:00,low,irregular,8,20
P0720,2024-03-24T00:00:00,medium,weekly,11,22
P0721,2024-03-27T00:00:00,low,weekly,8,21
P0722,2025-06-02T00:00:00,medium,weekly,9,19
P0723,2025-04-20T00:00:00,medium,biweekly,8,21
P0724,2025-11-24T00:00:00,low,weekly,11,21
P0725,2024-12-06T00:00:00,medium,biweekly,11,23
P0726,2024-06-23T00:00:00,high,weekly,9,18
P0727,2025-07-31T00:00:00,medium,irregular,9,20
P0728,2025-02-15T00:00:00,low,irregular,10,19
P0729,2025-04-20T00:00:00,high,irregular,6,17
P0730,2023-12-26T00:00:00,high,irregular,7,15
P0731,2025-08-19T00:00:00,low,weekly,7,16
P0732,2024-11-22T00:00:00,low,biweekly,6,19
P0733,2025-05-28T00:00:00,medium,biweekly,7,19
P0734,2024-05-23T00:00:00,low,irregular,9,17
P0735,2025-02-16T00:00:00,medium,irregular,7,18
P0736,2024-11-04T00:00:00,high,irregular,7,17
P0737,2025-09-18T00:00:00,medium,irregular,8,21
P0738,2025-05-17T00:00:00,low,biweekly,6,14
P0739,2024-07-27T00:00:00,low,weekly,7,20
P0740,2024-04-10T00:00:00,low,biweekly,7,20
P0741,2024-09-25T00:00:00,low,irregular,9,17
P0742,2025-10-20T00:00:00,high,weekly,9,21
P0743,2025-07-18T00:00:00,medium,irregular,6,16
P0744,2024-03-08T00:00:00,high,biweekly,11,22
P0745,2025-03-12T00:00:00,medium,biweekly,9,18
P0746,2025-04-29T00:00:00,high,irregular,9,21
P0747,2024-07-14T00:00:00,low,weekly,9,21
P0748,2023-10-23T00:00:00,medium,irregular,11,23
P0749,2024-06-19T00:00:00,medium,biweekly,10,23
P0750,2024-10-27T00:00:00,low,biweekly,6,16
P0751,2025-04-06T00:00:00,medium,biweekly,11,23
P0752,2024-05-06T00:00:00,medium,weekly,11,20
P0753,2024-01-11T00:00:00,low,weekly,10,22
P0754,2024-04-27T00:00:00,medium,irregular,9,18
P0755,2026-02-06T00:00:00,high,biweekly,11,21
P0756,2024-12-31T00:00:00,medium,biweekly,8,21
P0757,2024-07-15T00:00:00,high,irregular,6,15
P0758,2024-02-20T00:00:00,high,weekly,8,21
P0759,2024-05-20T00:00:00,medium,irregular,10,20
P0760,2025-05-01T00:00:00,low,irregular,10,22
P0761,2025-05-08T00:00:00,low,biweekly,7,16
P0762,2025-06-13T00:00:00,high,irregular,11,20
P0763,2025-03-26T00:00:00,high,weekly,11,20
P0764,2025-07-19T00:00:00,high,biweekly,8,19
P0765,2025-02-17T00:00:00,medium,irregular,8,18
P0766,2025-11-04T00:00:00,medium,weekly,9,22
P0767,2024-07-18T00:00:00,high,weekly,10,21
P0768,2024-10-08T00:00:00,low,irregular,7,18
P0769,2025-05-03T00:00:00,medium,weekly,10,19
P0770,2025-08-11T00:00:00,medium,biweekly,7,19
P0771,2025-10-09T00:00:00,medium,irregular,9,18
P0772,2024-10-21T00:00:00,medium,irregular,6,15
P0773,2024-05-24T00:00:00,low,weekly,8,19
P0774,2025-08-02T00:00:00,low,irregular,8,17
P0775,2023-12-21T00:00:00,low,weekly,9,21
P0776,2024-05-25T00:00:00,medium,biweekly,9,20
P0777,2025-02-05T00:00:00,low,weekly,9,21
P0778,2024-02-15T00:00:00,medium,weekly,7,17
P0779,2025-08-21T00:00:00,low,irregular,10,18
P0780,2024-02-12T00:00:00,low,weekly,11,23
P0781,2025-04-19T00:00:00,low,weekly,8,19
P0782,2024-07-10T00:00:00,medium,weekly,10,18
P0783,2025-05-03T00:00:00,medium,biweekly,6,19
P0784,2024-07-02T00:00:00,high,biweekly,10,21
P0785,2025-10-18T00:00:00,medium,biweekly,11,21
P0786,2025-09-17T00:00:00,medium,weekly,7,16
P0787,2024-02-19T00:00:00,low,weekly,7,20
P0788,2024-07-09T00:00:00,high,weekly,6,14
P0789,2024-03-06T00:00:00,high,weekly,8,19
P0790,2025-06-16T00:00:00,high,irregular,11,19
P0791,2026-01-14T00:00:00,high,weekly,10,23
P0792,2026-01-14T00:00:00,high,weekly,6,17
P0793,2025-02-08T00:00:00,low,irregular,9,19
P0794,2024-03-16T00:00:00,low,weekly,9,22
P0795,2024-05-28T00:00:00,low,biweekly,11,22
P0796,2025-11-21T00:00:00,high,irregular,11,21
P0797,2024-06-22T00:00:00,high,weekly,10,21
P0798,2024-09-27T00:00:00,high,irregular,6,14
P0799,2025-11-08T00:00:00,low,biweekly,8,17
P0800,2025-08-12T00:00:00,medium,irregular,10,19
P0801,2024-03-14T00:00:00,medium,biweekly,8,17
P0802,2024-08-20T00:00:00,medium,weekly,6,19
P0803,2025-03-31T00:00:00,low,weekly,9,17
P0804,2025-12-03T00:00:00,low,irregular,11,23
P0805,2025-10-03T00:00:00,low,irregular,9,17
P0806,2024-02-23T00:00:00,low,biweekly,11,23
P0807,2024-11-22T00:00:00,medium,biweekly,7,18
P0808,2025-11-22T00:00:00,low,weekly,6,16
P0809,2023-12-05T00:00:00,high,biweekly,8,19
P0810,2025-11-06T00:00:00,low,weekly,11,19
P0811,2024-04-24T00:00:00,high,weekly,7,17
P0812,2024-12-11T00:00:00,high,biweekly,8,21
P0813,2025-02-16T00:00:00,medium,weekly,6,14
P0814,2025-01-19T00:00:00,medium,biweekly,9,20
P0815,2024-10-31T00:00:00,medium,irregular,11,20
P0816,2025-10-20T00:00:00,high,irregular,6,14
P0817,2025-11-18T00:00:00,medium,irregular,7,18
P0818,2024-04-09T00:00:00,medium,weekly,10,22
P0819,2023-12-28T00:00:00,medium,irregular,9,17
P0820,2023-10-28T00:00:00,high,weekly,11,22
P0821,2025-11-09T00:00:00,medium,biweekly,9,17
P0822,2025-06-10T00:00:00,high,biweekly,6,14
P0823,2024-04-09T00:00:00,high,irregular,11,23
P0824,2024-08-03T00:00:00,low,irregular,11,21
P0825,2024-09-15T00:00:00,high,irregular,10,22
P0826,2024-12-16T00:00:00,high,irregular,6,15
P0827,2025-03-15T00:00:00,high,irregular,9,22
P0828,2025-10-03T00:00:00,high,irregular,9,17
P0829,2024-05-15T00:00:00,low,irregular,6,17
P0830,2025-09-16T00:00:00,low,biweekly,9,19
P0831,2025-03-31T00:00:00,medium,weekly,7,19
P0832,2024-08-18T00:00:00,high,biweekly,7,18
P0833,2025-12-14T00:00:00,medium,biweekly,7,19
P0834,2025-12-04T00:00:00,medium,biweekly,9,19
P0835,2024-10-11T00:00:00,high,irregular,6,14
P0836,2025-01-15T00:00:00,medium,weekly,6,18
P0837,2026-03-04T00:00:00,low,irregular,10,22
P0838,2025-04-27T00:00:00,high,irregular,11,20
P0839,2024-04-16T00:00:00,medium,biweekly,11,21
P0840,2023-11-19T00:00:00,low,biweekly,6,16
P0841,2024-01-09T00:00:00,high,irregular,10,21
P0842,2024-05-01T00:00:00,medium,irregular,11,22
P0843,2025-11-25T00:00:00,high,weekly,6,14
P0844,2025-03-06T00:00:00,high,biweekly,8,20
P0845,2025-02-15T00:00:00,high,weekly,10,18
P0846,2024-10-16T00:00:00,low,irregular,7,20
P0847,2025-01-09T00:00:00,low,biweekly,11,23
P0848,2025-08-24T00:00:00,low,biweekly,7,16
P0849,2023-11-11T00:00:00,low,irregular,9,19
P0850,2024-01-19T00:00:00,medium,weekly,6,19
P0851,2024-07-10T00:00:00,low,biweekly,11,22
P0852,2024-07-09T00:00:00,high,weekly,11,22
P0853,2024-09-07T00:00:00,high,weekly,6,18
P0854,2023-10-28T00:00:00,high,biweekly,9,21
P0855,2024-03-26T00:00:00,high,weekly,7,20
P0856,2025-11-18T00:00:00,medium,irregular,7,19
P0857,2025-04-09T00:00:00,high,biweekly,10,21
P0858,2024-03-25T00:00:00,low,biweekly,10,21
P0859,2025-05-07T00:00:00,medium,weekly,8,17
P0860,2024-06-26T00:00:00,high,irregular,9,21
P0861,2023-10-23T00:00:00,high,irregular,8,18
P0862,2024-02-09T00:00:00,high,irregular,11,20
P0863,2025-08-02T00:00:00,high,irregular,7,17
P0864,2025-03-16T00:00:00,high,weekly,11,23
P0865,2025-09-03T00:00:00,high,irregular,11,23
P0866,2025-04-08T00:00:00,high,weekly,11,21
P0867,2024-10-29T00:00:00,high,irregular,10,23
P0868,2025-01-01T00:00:00,high,irregular,11,23
P0869,2023-10-19T00:00:00,medium,weekly,8,20
P0870,2026-02-07T00:00:00,medium,weekly,6,14
P0871,2026-01-06T00:00:00,low,biweekly,11,20
P0872,2024-04-04T00:00:00,medium,weekly,8,16
P0873,2023-12-22T00:00:00,medium,weekly,11,23
P0874,2025-03-02T00:00:00,medium,weekly,6,18
P0875,2024-02-06T00:00:00,high,weekly,11,23
P0876,2024-08-07T00:00:00,medium,weekly,11,23
P0877,2025-05-14T00:00:00,high,irregular,11,19
P0878,2025-02-01T00:00:00,medium,irregular,9,19
P0879,2026-01-08T00:00:00,low,irregular,10,20
P0880,2024-06-07T00:00:00,medium,weekly,7,20
P0881,2024-03-08T00:00:00,high,biweekly,11,23
P0882,2024-02-07T00:00:00,high,weekly,10,23
P0883,2025-05-07T00:00:00,medium,weekly,7,20
P0884,2025-08-25T00:00:00,low,irregular,6,18
P0885,2025-02-11T00:00:00,low,biweekly,6,16
P0886,2025-06-07T00:00:00,low,weekly,10,22
P0887,2026-02-27T00:00:00,medium,biweekly,8,21
P0888,2026-01-23T00:00:00,low,biweekly,7,19
P0889,2024-01-02T00:00:00,high,irregular,6,19
P0890,2024-10-18T00:00:00,high,irregular,8,18
P0891,2023-12-23T00:00:00,high,biweekly,6,18
P0892,2025-08-28T00:00:00,high,weekly,7,19
P0893,2025-01-03T00:00:00,high,irregular,7,18
P0894,2025-03-12T00:00:00,low,weekly,6,19
P0895,2025-03-30T00:00:00,medium,biweekly,8,17
P0896,2024-09-07T00:00:00,medium,irregular,10,23
P0897,2025-11-07T00:00:00,high,biweekly,6,17
P0898,2024-05-16T00:00:00,high,irregular,7,16
P0899,2024-04-05T00:00:00,medium,biweekly,6,14
P0900,2025-06-15T00:00:00,high,irregular,9,19
P0901,2024-09-21T00:00:00,medium,irregular,6,18
P0902,2024-10-22T00:00:00,low,biweekly,9,22
P0903,2025-04-10T00:00:00,high,weekly,7,15
P0904,2024-01-03T00:00:00,high,irregular,7,15
P0905,2025-12-27T00:00:00,low,irregular,11,23
P0906,2024-04-02T00:00:00,medium,weekly,7,16
P0907,2023-11-07T00:00:00,high,irregular,10,21
P0908,2023-11-19T00:00:00,low,irregular,11,23
P0909,2026-02-08T00:00:00,medium,irregular,7,17
P0910,2025-12-05T00:00:00,low,weekly,6,15
P0911,2024-08-10T00:00:00,low,irregular,8,17
P0912,2025-01-11T00:00:00,medium,biweekly,8,21
P0913,2024-12-16T00:00:00,medium,weekly,9,20
P0914,2025-11-03T00:00:00,high,weekly,11,23
P0915,2024-06-09T00:00:00,low,irregular,11,23
P0916,2024-03-17T00:00:00,low,biweekly,6,18
P0917,2025-05-12T00:00:00,high,biweekly,6,18
P0918,2025-05-20T00:00:00,medium,biweekly,6,17
P0919,2026-02-01T00:00:00,medium,weekly,11,23
P0920,2025-10-16T00:00:00,high,biweekly,7,19
P0921,2024-05-24T00:00:00,low,biweekly,8,21
P0922,2024-05-10T00:00:00,medium,weekly,11,23
P0923,2025-10-11T00:00:00,low,weekly,10,18
P0924,2024-07-02T00:00:00,medium,irregular,10,22
P0925,2025-04-26T00:00:00,low,irregular,6,19
P0926,2025-03-17T00:00:00,low,biweekly,11,23
P0927,2025-10-10T00:00:00,low,weekly,10,19
P0928,2023-11-01T00:00:00,medium,weekly,10,18
P0929,2024-04-16T00:00:00,high,weekly,7,19
P0930,2024-05-13T00:00:00,high,weekly,9,19
P0931,2025-12-26T00:00:00,medium,weekly,11,20
P0932,2024-07-18T00:00:00,medium,biweekly,11,21
P0933,2024-04-16T00:00:00,high,weekly,7,15
P0934,2024-06-08T00:00:00,low,weekly,8,18
P0935,2024-11-28T00:00:00,medium,irregular,9,22
P0936,2024-03-24T00:00:00,high,weekly,8,20
P0937,2025-02-24T00:00:00,medium,biweekly,10,19
P0938,2025-04-18T00:00:00,low,weekly,6,19
P0939,2024-05-17T00:00:00,medium,biweekly,11,21
P0940,2024-04-08T00:00:00,high,biweekly,7,18
P0941,2024-12-03T00:00:00,medium,biweekly,9,20
P0942,2025-11-13T00:00:00,low,irregular,10,22
P0943,2023-10-25T00:00:00,medium,weekly,6,18
P0944,2025-06-08T00:00:00,high,irregular,7,15
P0945,2025-12-17T00:00:00,low,irregular,11,23
P0946,2023-11-23T00:00:00,high,irregular,6,17
P0947,2025-07-30T00:00:00,low,irregular,10,20
P0948,2024-08-29T00:00:00,medium,irregular,10,19
P0949,2025-01-27T00:00:00,low,irregular,8,21
P0950,2025-10-18T00:00:00,medium,irregular,8,20
P0951,2025-01-22T00:00:00,medium,irregular,6,14
P0952,2025-07-03T00:00:00,high,irregular,11,20
P0953,2025-10-12T00:00:00,medium,weekly,10,19
P0954,2024-08-02T00:00:00,high,weekly,10,23
P0955,2024-10-25T00:00:00,medium,weekly,11,20
P0956,2025-07-10T00:00:00,low,biweekly,9,19
P0957,2026-01-20T00:00:00,high,weekly,7,19
P0958,2025-01-31T00:00:00,medium,biweekly,8,16
P0959,2024-05-09T00:00:00,medium,weekly,6,19
P0960,2024-05-25T00:00:00,medium,irregular,10,20
P0961,2024-08-24T00:00:00,high,weekly,10,21
P0962,2025-02-10T00:00:00,medium,irregular,11,23
P0963,2024-09-21T00:00:00,medium,biweekly,6,15
P0964,2025-01-13T00:00:00,medium,biweekly,10,21
P0965,2024-06-24T00:00:00,low,irregular,9,18
P0966,2025-09-16T00:00:00,low,weekly,9,21
P0967,2025-05-21T00:00:00,low,weekly,11,20
P0968,2025-02-27T00:00:00,high,irregular,7,15
P0969,2025-07-12T00:00:00,medium,biweekly,11,23
P0970,2024-10-27T00:00:00,high,biweekly,6,17
P0971,2024-07-08T00:00:00,low,irregular,7,18
P0972,2025-06-28T00:00:00,low,weekly,6,18
P0973,2025-09-21T00:00:00,low,irregular,10,22
P0974,2024-07-26T00:00:00,low,weekly,6,15
P0975,2025-09-01T00:00:00,high,biweekly,8,20
P0976,2024-05-21T00:00:00,low,irregular,10,23
P0977,2023-11-14T00:00:00,medium,weekly,11,20
P0978,2024-06-21T00:00:00,medium,biweekly,9,18
P0979,2023-11-05T00:00:00,medium,irregular,7,16
P0980,2023-11-15T00:00:00,low,irregular,10,23
P0981,2025-06-07T00:00:00,low,irregular,10,23
P0982,2024-11-25T00:00:00,high,irregular,8,16
P0983,2025-02-10T00:00:00,medium,weekly,7,15
P0984,2025-08-09T00:00:00,high,irregular,6,19
P0985,2023-11-09T00:00:00,low,irregular,9,17
P0986,2024-11-02T00:00:00,high,irregular,7,15
P0987,2024-10-05T00:00:00,low,weekly,10,21
P0988,2025-10-22T00:00:00,high,irregular,11,19
P0989,2024-05-09T00:00:00,medium,irregular,11,22
P0990,2026-01-19T00:00:00,high,irregular,8,19
P0991,2023-12-04T00:00:00,medium,biweekly,7,17
P0992,2023-12-02T00:00:00,high,irregular,10,22
P0993,2024-12-24T00:00:00,low,biweekly,6,17
P0994,2025-12-09T00:00:00,medium,irregular,7,19
P0995,2025-06-14T00:00:00,low,weekly,9,22
P0996,2023-12-17T00:00:00,low,irregular,11,23
P0997,2024-09-18T00:00:00,low,biweekly,6,19
P0998,2024-03-30T00:00:00,medium,biweekly,7,17
P0999,2025-09-27T00:00:00,medium,irregular,6,18
P1000,2025-06-10T00:00:00,high,biweekly,8,20
P1001,2024-06-16T00:00:00,medium,irregular,8,19
P1002,2025-01-05T00:00:00,high,irregular,7,18
P1003,2025-02-18T00:00:00,high,irregular,7,18
P1004,2025-04-24T00:00:00,high,biweekly,8,21
P1005,2024-02-10T00:00:00,low,irregular,9,17
P1006,2025-07-12T00:00:00,medium,irregular,11,20
P1007,2025-07-28T00:00:00,high,biweekly,6,16
P1008,2024-06-14T00:00:00,high,irregular,10,23
P1009,2025-09-21T00:00:00,medium,irregular,6,14
P1010,2023-11-12T00:00:00,low,biweekly,6,18
P1011,2025-12-04T00:00:00,low,biweekly,9,18
P1012,2025-12-13T00:00:00,high,weekly,8,21
P1013,2025-01-18T00:00:00,high,irregular,9,21
P1014,2024-03-06T00:00:00,high,weekly,8,17
P1015,2024-10-14T00:00:00,medium,weekly,11,20
P1016,2023-12-02T00:00:00,high,biweekly,11,20
P1017,2023-12-23T00:00:00,high,irregular,6,18
P1018,2025-07-10T00:00:00,high,weekly,11,23
P1019,2025-03-01T00:00:00,low,irregular,6,14
P1020,2025-12-06T00:00:00,medium,biweekly,7,17
P1021,2025-01-24T00:00:00,medium,irregular,11,20
P1022,2026-02-17T00:00:00,high,irregular,10,18
P1023,2024-08-19T00:00:00,medium,irregular,6,18
P1024,2025-03-13T00:00:00,medium,biweekly,10,19
P1025,2025-08-17T00:00:00,medium,biweekly,10,22
P1026,2025-06-10T00:00:00,low,biweekly,6,18
P1027,2024-08-09T00:00:00,low,irregular,6,16
P1028,2025-11-05T00:00:00,high,biweekly,8,20
P1029,2025-06-21T00:00:00,high,biweekly,10,21
P1030,2024-10-25T00:00:00,low,biweekly,10,21
P1031,2024-11-18T00:00:00,high,weekly,11,22
P1032,2025-06-13T00:00:00,low,biweekly,6,19
P1033,2024-04-10T00:00:00,high,weekly,7,17
P1034,2025-03-08T00:00:00,high,irregular,9,17
P1035,2023-11-03T00:00:00,medium,weekly,11,21
P1036,2025-01-20T00:00:00,high,irregular,6,16
P1037,2024-08-14T00:00:00,low,biweekly,6,16
P1038,2025-07-24T00:00:00,high,biweekly,8,17
P1039,2024-04-04T00:00:00,low,biweekly,11,23
P1040,2025-07-07T00:00:00,high,weekly,7,17
P1041,2025-07-13T00:00:00,low,weekly,7,19
P1042,2025-09-26T00:00:00,low,weekly,8,16
P1043,2024-04-24T00:00:00,medium,irregular,11,19
P1044,2026-01-20T00:00:00,medium,biweekly,10,22
P1045,2024-10-16T00:00:00,high,biweekly,8,19
P1046,2024-01-12T00:00:00,high,biweekly,7,18
P1047,2024-01-26T00:00:00,high,weekly,7,15
P1048,2023-12-07T00:00:00,medium,biweekly,10,22
P1049,2024-10-06T00:00:00,medium,biweekly,6,19
P1050,2024-11-21T00:00:00,low,irregular,7,19
P1051,2025-04-15T00:00:00,high,weekly,9,17
P1052,2025-08-01T00:00:00,medium,irregular,11,19
P1053,2025-02-27T00:00:00,high,biweekly,8,17
P1054,2025-06-08T00:00:00,low,biweekly,10,21
P1055,2025-03-18T00:00:00,medium,weekly,10,21
P1056,2025-08-01T00:00:00,medium,irregular,9,19
P1057,2025-01-18T00:00:00,medium,biweekly,8,17
P1058,2025-10-21T00:00:00,high,irregular,10,19
P1059,2024-02-25T00:00:00,medium,weekly,6,18
P1060,2025-02-07T00:00:00,low,weekly,9,22
P1061,2024-11-05T00:00:00,low,weekly,7,18
P1062,2025-10-18T00:00:00,high,irregular,9,21
P1063,2025-04-15T00:00:00,medium,biweekly,11,21
P1064,2024-07-31T00:00:00,low,biweekly,10,18
P1065,2025-09-18T00:00:00,low,weekly,11,21
P1066,2023-10-27T00:00:00,high,weekly,9,20
P1067,2025-03-27T00:00:00,medium,biweekly,11,21
P1068,2024-08-11T00:00:00,medium,biweekly,10,18
P1069,2025-10-31T00:00:00,medium,irregular,9,21
P1070,2024-07-22T00:00:00,high,irregular,7,20
P1071,2025-09-07T00:00:00,medium,biweekly,10,20
P1072,2024-09-28T00:00:00,medium,irregular,11,22
P1073,2025-02-07T00:00:00,high,biweekly,6,17
P1074,2025-10-07T00:00:00,low,irregular,11,21
P1075,2024-05-27T00:00:00,high,irregular,9,20
P1076,2025-12-13T00:00:00,low,biweekly,6,15
P1077,2025-04-14T00:00:00,high,biweekly,8,21
P1078,2024-06-23T00:00:00,high,biweekly,8,18
P1079,2023-12-26T00:00:00,medium,irregular,9,21
P1080,2024-11-28T00:00:00,medium,weekly,10,19
P1081,2025-10-27T00:00:00,high,weekly,6,19
P1082,2024-02-02T00:00:00,high,irregular,8,16
P1083,2025-09-15T00:00:00,medium,weekly,7,15
P1084,2024-11-05T00:00:00,high,weekly,6,14
P1085,2024-09-14T00:00:00,low,weekly,9,19
P1086,2025-09-26T00:00:00,low,irregular,10,21
P1087,2025-07-13T00:00:00,low,irregular,8,18
P1088,2024-06-01T00:00:00,low,weekly,9,21
P1089,2026-02-03T00:00:00,low,irregular,7,17
P1090,2024-11-02T00:00:00,medium,irregular,8,18
P1091,2024-12-04T00:00:00,low,irregular,10,22
P1092,2024-07-07T00:00:00,high,biweekly,7,20
P1093,2024-05-22T00:00:00,high,biweekly,11,23
P1094,2024-05-19T00:00:00,high,biweekly,11,21
P1095,2024-08-29T00:00:00,low,weekly,9,20
P1096,2025-02-23T00:00:00,medium,biweekly,8,17
P1097,2026-02-22T00:00:00,low,irregular,8,17
P1098,2025-05-15T00:00:00,medium,irregular,8,16
P1099,2024-10-17T00:00:00,medium,biweekly,11,19
P1100,2023-12-08T00:00:00,medium,irregular,9,18
P1101,2024-08-20T00:00:00,medium,weekly,6,17
P1102,2024-12-12T00:00:00,medium,weekly,10,19
P1103,2024-02-09T00:00:00,high,biweekly,11,22
P1104,2025-06-08T00:00:00,low,biweekly,7,20
P1105,2024-09-21T00:00:00,high,irregular,7,20
P1106,2025-05-17T00:00:00,high,irregular,8,20
P1107,2025-01-06T00:00:00,low,weekly,8,17
P1108,2025-05-12T00:00:00,low,irregular,7,18
P1109,2024-11-26T00:00:00,medium,irregular,10,22
P1110,2025-08-24T00:00:00,medium,weekly,9,18
P1111,2024-09-03T00:00:00,low,weekly,6,14
P1112,2025-06-02T00:00:00,low,irregular,8,19
P1113,2026-02-24T00:00:00,low,weekly,11,20
P1114,2024-10-15T00:00:00,low,biweekly,6,17
P1115,2023-12-21T00:00:00,medium,biweekly,8,19
P1116,2023-12-15T00:00:00,low,biweekly,11,19
P1117,2026-01-06T00:00:00,medium,biweekly,7,15
P1118,2024-11-08T00:00:00,low,weekly,10,20
P1119,2023-11-07T00:00:00,low,weekly,9,22
P1120,2025-02-03T00:00:00,medium,weekly,7,20
P1121,2025-08-13T00:00:00,medium,irregular,6,14
P1122,2024-04-22T00:00:00,low,biweekly,10,21
P1123,2025-04-19T00:00:00,medium,weekly,11,23
P1124,2026-01-20T00:00:00,high,irregular,11,23
P1125,2025-06-18T00:00:00,medium,irregular,6,16
P1126,2025-02-28T00:00:00,low,irregular,7,16
P1127,2025-07-06T00:00:00,high,biweekly,6,16
P1128,2025-09-14T00:00:00,medium,irregular,6,14
P1129,2023-12-17T00:00:00,low,weekly,9,17
P1130,2023-12-23T00:00:00,high,biweekly,10,23
P1131,2025-09-27T00:00:00,medium,weekly,10,19
P1132,2024-10-09T00:00:00,low,irregular,7,19
P1133,2024-01-17T00:00:00,high,weekly,8,16
P1134,2024-05-13T00:00:00,low,irregular,8,20
P1135,2025-10-27T00:00:00,medium,weekly,6,16
P1136,2023-12-18T00:00:00,high,biweekly,10,21
P1137,2025-08-19T00:00:00,low,irregular,11,22
P1138,2024-02-22T00:00:00,low,biweekly,8,16
P1139,2024-03-11T00:00:00,medium,irregular,9,19
P1140,2024-03-21T00:00:00,medium,weekly,10,22
P1141,2024-08-25T00:00:00,medium,biweekly,7,20
P1142,2025-05-27T00:00:00,high,irregular,9,18
P1143,2024-09-07T00:00:00,low,biweekly,6,16
P1144,2024-08-27T00:00:00,medium,biweekly,8,16
P1145,2024-10-02T00:00:00,medium,irregular,11,20
P1146,2024-06-08T00:00:00,medium,irregular,6,15
P1147,2024-02-25T00:00:00,low,irregular,8,20
P1148,2025-08-22T00:00:00,high,irregular,9,20
P1149,2025-09-28T00:00:00,high,biweekly,10,20
P1150,2024-05-17T00:00:00,medium,weekly,9,17
P1151,2024-04-29T00:00:00,low,weekly,10,19
P1152,2026-01-31T00:00:00,low,weekly,7,18
P1153,2025-11-23T00:00:00,low,irregular,7,20
P1154,2024-04-30T00:00:00,medium,irregular,9,21
P1155,2024-07-08T00:00:00,medium,weekly,11,21
P1156,2024-06-22T00:00:00,high,weekly,7,15
P1157,2024-05-02T00:00:00,medium,weekly,7,18
P1158,2026-01-01T00:00:00,medium,irregular,11,23
P1159,2023-11-14T00:00:00,medium,irregular,9,17
P1160,2025-06-05T00:00:00,high,weekly,10,23
P1161,2023-11-01T00:00:00,medium,weekly,6,15
P1162,2025-11-25T00:00:00,low,irregular,10,19
P1163,2025-02-03T00:00:00,low,weekly,10,22
P1164,2025-06-23T00:00:00,high,irregular,11,20
P1165,2024-01-27T00:00:00,high,biweekly,10,23
P1166,2024-01-10T00:00:00,high,irregular,6,16
P1167,2024-11-20T00:00:00,high,irregular,11,22
P1168,2025-09-15T00:00:00,low,irregular,6,17
P1169,2025-03-24T00:00:00,high,weekly,10,22
P1170,2024-12-06T00:00:00,medium,biweekly,10,22
P1171,2023-10-21T00:00:00,medium,biweekly,8,21
P1172,2023-11-10T00:00:00,high,biweekly,9,21
P1173,2024-08-05T00:00:00,high,weekly,7,18
P1174,2024-02-01T00:00:00,medium,biweekly,10,21
P1175,2025-01-22T00:00:00,low,irregular,9,17
P1176,2024-07-02T00:00:00,low,irregular,8,17
P1177,2026-02-26T00:00:00,medium,weekly,8,17
P1178,2026-02-10T00:00:00,high,biweekly,8,20
P1179,2024-08-12T00:00:00,high,irregular,10,19
P1180,2026-01-25T00:00:00,medium,biweekly,6,15
P1181,2025-06-06T00:00:00,medium,irregular,7,16
P1182,2025-06-15T00:00:00,medium,weekly,7,19
P1183,2024-07-30T00:00:00,low,irregular,9,17
P1184,2025-04-06T00:00:00,medium,weekly,11,22
P1185,2024-03-15T00:00:00,high,weekly,11,23
P1186,2025-05-01T00:00:00,low,irregular,11,23
P1187,2025-12-14T00:00:00,low,biweekly,9,19
P1188,2025-01-02T00:00:00,low,weekly,9,22
P1189,2023-10-17T00:00:00,high,weekly,11,23
P1190,2025-02-06T00:00:00,low,biweekly,11,23
P1191,2025-04-12T00:00:00,high,irregular,6,15
P1192,2024-10-06T00:00:00,high,weekly,8,17
P1193,2024-04-14T00:00:00,high,biweekly,6,17
P1194,2024-07-23T00:00:00,high,weekly,10,19
P1195,2025-05-12T00:00:00,medium,weekly,9,18
P1196,2025-12-10T00:00:00,medium,irregular,8,21
P1197,2024-08-20T00:00:00,medium,biweekly,6,14
P1198,2024-10-07T00:00:00,medium,irregular,9,18
P1199,2024-10-28T00:00:00,high,weekly,7,18
